pais,country_code,anio,co2_MtCO2,poblacion,pbi_per_capita,co2_per_capita,electricity_TWh,energy_Mtoe,share_renewables,share_wind_solar,co2_per_pbi,co2_per_energy
Argentina,ARG,1990,101.126953398,32618651.0,4333.482973121461,3.1002800636359855,51.005,46.070359693,35.776885,0.0,0.715424540229084,2.1950545659265903
Argentina,ARG,1991,105.635924828,33079000.0,5735.360327352233,3.1934437204268566,53.855000000000004,47.490880146,30.736236,0.0,0.5567991439347161,2.22434127359287
Argentina,ARG,1992,108.945323118,33529326.0,6823.537616046798,3.2492547902096214,56.107,49.944085742000006,35.132871,0.0,0.4761833191288349,2.181345829029431
Argentina,ARG,1993,108.252772538,33970111.0,6969.118087810046,3.186706470814888,61.868,50.090300133999996,39.222215,0.0,0.4572610810525481,2.1611524037269807
Argentina,ARG,1994,116.102660435,34402672.0,7483.139681708444,3.374815201418076,64.813,53.284906984,42.872572,0.0,0.45098920305702295,2.1789033144012517
Argentina,ARG,1995,120.229591942,34828170.0,7408.708238187651,3.452078933288772,67.169,54.053059076,40.350459,0.0,0.465948829715723,2.2242883936125444
Argentina,ARG,1996,126.874924592,35246374.0,7721.35454273963,3.599658920716213,69.759,56.047417336,33.469516,0.014335,0.4661952641587949,2.263706886463554
Argentina,ARG,1997,132.21482575,35657429.0,8213.127199944785,3.7079180820916724,72.464,57.842190527,39.525834,0.0207,0.45146239572627095,2.285785246813635
Argentina,ARG,1998,136.055005825,36063459.0,8289.505729331177,3.7726554689332485,74.169,59.819940196000005,36.524694,0.044493,0.4551122337227262,2.27440892416836
Argentina,ARG,1999,139.697325653,36467218.0,7774.736202800005,3.8307645418139655,80.744,60.845160407,27.543842,0.043347,0.4927195523925748,2.295948021478605
Argentina,ARG,2000,139.521994832,36870787.0,7708.100996054139,3.7840796517850293,88.977,61.566460888,33.209706,0.039336,0.49092242742046854,2.2662013183738874
Argentina,ARG,2001,129.711256079,37275652.0,7208.371566512103,3.479785037133623,90.138,58.570494543,41.844727,0.054361,0.48274218455935924,2.2146177369865203
Argentina,ARG,2002,122.96856449600001,37681749.0,2593.404150424658,3.2633454592566817,84.491,56.911895547,43.589258,0.0864,1.2583250700521644,2.1606829875214384
Argentina,ARG,2003,132.663843236,38087868.0,3349.806124411496,3.4830997428367474,92.058,60.895207157,37.970627,0.084729,1.0397914426909314,2.1785596835883343
Argentina,ARG,2004,147.734608623,38491972.0,4277.721350643886,3.838062872512742,100.25,66.522762109,31.692768,0.07182,0.8972213376953677,2.2208129058281045
Argentina,ARG,2005,150.20952878699998,38892931.0,5109.851325226213,3.862129310516607,105.75,66.922476799,33.687943,0.070922,0.7558202900053321,2.2445303278022806
Argentina,ARG,2006,160.137963631,39289878.0,5919.012037077532,4.0758070979757175,107.07600000000001,72.806278737,37.249244,0.065374,0.6885958454627703,2.1995076030388874
Argentina,ARG,2007,166.687695348,39684295.0,7245.448317289446,4.200344124747587,107.755,73.74942905399999,30.06357,0.05661,0.5797217702491257,2.2601896378879056
Argentina,ARG,2008,178.18658682900002,40080160.0,9020.873098071945,4.445755376949593,121.927,77.66601820000001,26.538831,0.034447,0.49282983239170014,2.294267054738748
Argentina,ARG,2009,171.142574356,40482788.0,8225.137176264117,4.227539228671701,122.348,75.518237242,29.176611,0.029424,0.5139779602547446,2.266241647134447
Argentina,ARG,2010,174.594112729,40788453.0,10385.964431955525,4.280478907327032,125.59400000000001,78.67947971299999,28.773668,0.019905,0.41214072466461166,2.2190552526004095
Argentina,ARG,2011,181.83492877100002,41261490.0,12848.86419697053,4.406891965631877,129.892,80.557632118,32.4816,0.021556,0.34297910679691995,2.257202998527192
Argentina,ARG,2012,188.73958228,41733271.0,13082.664325571988,4.522520707279331,136.058,81.024311567,29.48522,0.277088,0.34568804906500583,2.3294191413638723
Argentina,ARG,2013,183.983333171,42202935.0,13080.254732336658,4.359491423309777,139.467,83.148210721,31.675594,0.341299,0.333287960557248,2.212715482096754
Argentina,ARG,2014,187.411829906,42669500.0,12334.79824538929,4.392173095677241,138.576,83.528709766,31.790498,0.458232,0.35607984892002775,2.2436816087668716
Argentina,ARG,2015,193.243206743,43131966.0,13789.060424772022,4.480278194205198,145.447,85.58779527,28.38216,0.422147,0.3249154080256539,2.257836016611764
Argentina,ARG,2016,193.671006489,43590368.0,12790.242473244707,4.442977092760493,147.22,86.257918035,27.219807,0.385817,0.34737238969898676,2.2452548229881466
Argentina,ARG,2017,188.22538273700002,44044811.0,14591.863381054129,4.273497341991092,147.074539828,84.687454409,29.916396,0.399447,0.29286851380062545,2.2225887417510655
Argentina,ARG,2018,185.414433833,44494502.0,11652.566289748715,4.167131342047608,148.17041737300002,83.658868283,30.737978,0.956281,0.3576149011667602,2.216315348730068
Australia,AUS,1990,270.444863569,17065100.0,18211.13930936482,15.847833506337496,155.019,87.155149096,10.082635,0.0,0.870227460079226,3.103027949285123
Australia,AUS,1991,271.185035195,17284000.0,18821.25033882728,15.689946493577875,156.818,85.99050849,10.758969,0.0,0.8336293397686929,3.153662421086121
Australia,AUS,1992,275.580670099,17495000.0,18569.505043321395,15.751967424921405,159.54500000000002,87.416610367,10.303049,0.0,0.8482707206343484,3.152497779793031
Australia,AUS,1993,280.17939405100003,17667000.0,17633.977951925754,15.858911759268697,163.65,91.413931784,10.775435,0.006722,0.8993383003258657,3.064952886098695
Australia,AUS,1994,281.695005212,17855000.0,18045.865261700652,15.77681350949314,167.463,91.762798329,10.352137,0.010151,0.8742619586646699,3.069817075565091
Australia,AUS,1995,290.151954502,18072000.0,20319.63062839557,16.05533170108455,173.159,93.763610181,9.808904,0.013283,0.7901389545264718,3.094504935783665
Australia,AUS,1996,306.98180116099996,18311000.0,21861.325509869977,16.764884559062857,177.598,100.16606904000001,9.394813,0.01464,0.7668741106980831,3.0647284465002893
Australia,AUS,1997,315.805666827,18517000.0,23468.5968306374,17.054904510827885,182.939,101.351871212,9.755711,0.016399,0.7267117260527194,3.1159332634956693
Australia,AUS,1998,331.301295394,18711000.0,21318.964169431812,17.706231382288493,195.369,104.059783357,8.598089,0.018427,0.8305390093800413,3.1837592267264094
Australia,AUS,1999,338.659558806,18926000.0,20533.035061906994,17.8938792563669,203.987,106.390313441,8.705457,0.030394,0.8714678177101898,3.1831803841221658
Australia,AUS,2000,344.487906387,19153000.0,21679.24784241465,17.986106948624236,210.22400000000002,108.30993544200001,8.538511,0.045666,0.8296462626085708,3.1805753090073012
Australia,AUS,2001,345.21709193400005,19413000.0,19490.861109730293,17.782779165198583,224.635,105.81660519600001,8.249827,0.113072,0.9123649830084215,3.2624094422096395
Australia,AUS,2002,357.38147668600004,19651400.0,20082.483267274925,18.186056804400707,227.555,109.416853989,7.932588,0.181934,0.9055681293177269,3.2662379117748044
Australia,AUS,2003,355.479590965,19895400.0,23447.031000671657,17.8674261872091,220.802,109.950930222,8.530267,0.345106,0.7620336317505306,3.23307488392556
Australia,AUS,2004,369.360978728,20127400.0,30430.676437444316,18.35115209753868,228.434,111.857555145,8.275476,0.338829,0.60304778749374,3.3020655444256803
Australia,AUS,2005,378.463605359,20394800.0,33999.242857583544,18.55686769956067,228.65,113.47737017300001,8.924557,0.421605,0.5458023808733597,3.3351460716971117
Australia,AUS,2006,384.761945358,20697900.0,36044.92281084848,18.58941947530909,232.83,118.171763008,9.339432,0.775244,0.5157292074908871,3.255955023129784
Australia,AUS,2007,395.085105914,20827600.0,40960.05449481985,18.969305436728188,243.157,122.22458052,8.714945,1.11903,0.4631171923642632,3.2324521322398887
Australia,AUS,2008,397.586619456,21249200.0,49601.65670821779,18.71066296406453,243.221,126.74553437700001,8.171169,1.32431,0.3772185085294666,3.136888580811005
Australia,AUS,2009,402.39826841900003,21691700.0,42772.359166449794,18.550794470650064,248.162,127.131158641,7.522908,1.605806,0.4337098732024377,3.165221435252663
Australia,AUS,2010,402.983811709,22031750.0,52022.12559618756,18.291048677885325,252.661,127.298409859,8.615497,2.153874,0.35160133247661424,3.1656625731252923
Australia,AUS,2011,400.450049198,22340024.0,62517.83374715029,17.925229140219365,253.82,128.21877987,10.395556,2.945788,0.2867218530430357,3.1231778184444834
Australia,AUS,2012,397.959444783,22733465.0,68012.14790059341,17.50544603662486,250.931,126.63828467100001,10.529588,3.704604,0.25738704888736685,3.142489222882945
Australia,AUS,2013,393.61000317400004,23128129.0,68150.10704132149,17.018670346139977,249.37,126.40656824300001,13.176405,4.585957,0.24972331057119304,3.113841382176728
Australia,AUS,2014,383.96902613900005,23475686.0,62510.79117056414,16.356030070388574,247.451,125.091020358,14.627138,5.763969,0.26165130474449194,3.0695171007488224
Australia,AUS,2015,386.007558657,23815995.0,56748.4202606605,16.207912315105876,251.415,125.20884829500001,13.342084,6.559275,0.2856099295920247,3.0829095859706466
Australia,AUS,2016,399.498853874,24190907.0,50019.96776771143,16.514422294046273,256.563,129.88116589400002,14.596025,7.174846,0.3301565960765484,3.0758797946119705
Australia,AUS,2017,399.137455356,24601860.0,54093.602190894424,16.223873128129334,256.640886224,130.319941636,15.828659,8.009246,0.2999222176196707,3.0627504152115193
Australia,AUS,2018,403.10730948,24992369.0,57305.29901620453,16.12921566098836,258.99399101800003,132.312727876,19.604814,10.146843,0.2814611552140652,3.046625339459266
Chile,CHL,1990,30.955279613,13274623.0,2494.525668862544,2.331914029724234,18.372,14.010789593,53.837361,0.0,0.9348126013822669,2.209388657757427
Chile,CHL,1991,29.466280258,13495258.0,2803.5620904997345,2.183454385088451,19.961000000000002,14.32600879,70.973398,0.0,0.7788143492478351,2.0568380691325823
Chile,CHL,1992,30.609503026,13719819.0,3350.2138445764886,2.231042772940372,22.363,15.491891393,82.69463,0.0,0.6659404075211818,1.9758402798918977
Chile,CHL,1993,32.403497619999996,13944937.0,3535.1735995737017,2.323674722947834,24.003,15.877276978,81.664792,0.0,0.6573014471561003,2.040872478630888
Chile,CHL,1994,35.633848033,14166340.0,4024.2169322369505,2.5153884512866416,25.277,17.070724492,74.265142,0.0,0.6250628367314202,2.087424470455217
Chile,CHL,1995,38.795545502,14380866.0,5107.276802336061,2.697719699356075,28.027,18.34351269,72.405181,0.0,0.5282109828318179,2.114946365924203
Chile,CHL,1996,44.742579080000006,14587370.0,5349.804126556217,3.067213560772093,30.733,20.318185452,60.452933,0.0,0.573331936686535,2.2020952208404916
Chile,CHL,1997,51.949306132,14786220.0,5745.373795497962,3.5133594747000925,33.297000000000004,22.75102705,62.134727,0.0,0.6115110347481896,2.2833829003776773
Chile,CHL,1998,53.042141208000004,14977733.0,5446.580612794163,3.5413998372116797,35.509,23.557701357000003,48.170886,0.0,0.6502060813885389,2.251583904736058
Chile,CHL,1999,56.682490221,15162800.0,4957.777883836238,3.7382600984646635,38.39,25.030238698,38.030737,0.0,0.7540192775986297,2.2645605143801175
Chile,CHL,2000,52.744977877,15342353.0,5074.901623750093,3.4378675733116033,40.078,25.169457358,48.547832,0.0,0.6774254612587337,2.0955945583878566
Chile,CHL,2001,50.51889052,15516113.0,4574.594420675733,3.255898595221625,42.531,24.699120846000003,54.261597,0.016459,0.7117349202600308,2.045372012833464
Chile,CHL,2002,51.409756572,15684409.0,4446.250504886934,3.27776179338348,43.671,25.569756889,55.450986,0.016029,0.7371968335524163,2.0105688448729935
Chile,CHL,2003,52.751314435000005,15849652.0,4772.562819650604,3.328231713541723,46.829,25.836046761000002,50.156954,0.014948,0.6973678166870899,2.041771905856321
Chile,CHL,2004,57.444092916,16014971.0,6194.853106984184,3.586899590139751,51.208,27.511751727,46.900875,0.01367,0.5790128560265326,2.0879838363627146
Chile,CHL,2005,58.275531016,16182721.0,7598.525121088888,3.6010959477086706,52.484,28.36498028,53.883088,0.013337,0.47392038459071706,2.054488684312246
Chile,CHL,2006,60.081856941,16354504.0,9464.55024290607,3.6737192972039994,55.32,29.522785295000002,55.254881,0.012654,0.3881557182241754,2.0351012392850176
Chile,CHL,2007,65.688463802,16530195.0,10502.354520273666,3.973846878515347,58.509,30.622410153,44.1556,0.015382,0.3783767602630689,2.145110834640319
Chile,CHL,2008,68.331126857,16708258.0,10751.47967421702,4.0896619418373845,59.704,30.330883617,45.749029,0.063647,0.3803813117597895,2.252856452183986
Chile,CHL,2009,65.76369970100001,16886186.0,10208.906762286078,3.894526549749008,60.722,29.532922306,48.827443,0.289846,0.38148321269190505,2.226792832067257
Chile,CHL,2010,70.255412799,17062536.0,12808.034586422002,4.117524663332579,60.434000000000005,30.860539676000002,40.202535,0.734686,0.32147982077575205,2.2765451782956694
Chile,CHL,2011,76.292783813,17233576.0,14637.240235540303,4.426985079184958,65.71300000000001,33.614628450999994,39.596427,0.514358,0.30244670497625026,2.2696304355769366
Chile,CHL,2012,78.710370774,17400347.0,15351.551325769664,4.523494317325971,69.751,37.198558512000005,36.445356,0.586372,0.29466040410734723,2.115952174560973
Chile,CHL,2013,82.72367712100001,17571507.0,15842.940090133363,4.707830530471861,73.065,38.489499992999995,35.666872,0.769178,0.2971563676746966,2.1492530985345297
Chile,CHL,2014,76.644992914,17758959.0,14670.997175446146,4.315849420790937,70.753,34.745556535999995,42.894294,2.717906,0.29417560164308953,2.2058933732889803
Chile,CHL,2015,81.439411702,17969353.0,13574.171503961217,4.532128213074784,75.387,35.507911893,43.604335,4.478226,0.33387880886522003,2.2935567697534727
Chile,CHL,2016,86.146162465,18209068.0,13748.088395310946,4.730948473859288,79.308,37.789173132,43.273062,6.415494,0.34411682103185126,2.279651956503148
Chile,CHL,2017,85.135165353,18470439.0,15037.350108996785,4.609265938562695,78.946,38.178211065000006,44.39997,9.474831,0.3065211559984222,2.2299411883928717
Chile,CHL,2018,88.880492762,18729160.0,15923.359061989322,4.745567487383311,80.548308937,39.735582833,46.835038,11.067327,0.2980255277111387,2.236798517226873
China,CHN,1990,2261.019899729,1135185000.0,317.88467304092774,1.9917633687275642,621.268,873.705947201,20.40794,0.010945,6.265679152360781,2.587849959099388
China,CHN,1991,2376.688519094,1150780000.0,333.14214540018395,2.06528486686769,677.625,847.9391196690001,18.471131,0.011068,6.199410357962322,2.802899953503454
China,CHN,1992,2467.3516661040003,1164970000.0,366.460692302073,2.117952965401684,754.071,876.9248121820001,17.584684,0.017372,5.779481974169984,2.8136410691409623
China,CHN,1993,2646.393377586,1178440000.0,377.38983947995837,2.2456751108126,838.399,929.3194416140001,18.12526,0.017056,5.950544704402033,2.8476681527181475
China,CHN,1994,2765.4286090580003,1191835000.0,473.4922787180418,2.3203116279166163,928.245,973.233784349,18.088436,0.017452,4.900421257551974,2.8414843930924643
China,CHN,1995,2963.724117427,1204855000.0,609.6566792024836,2.4598180838582233,1007.914,1045.086360711,19.214139,0.018652,4.034759509361909,2.8358652728093205
China,CHN,1996,2958.429072747,1217550000.0,709.4137550850386,2.4298214223210546,1080.24,1073.896577527,17.552211,0.020644,3.4251117981632424,2.754854736160679
China,CHN,1997,2987.541843643,1230075000.0,781.7441643410526,2.428747713467065,1135.888,1073.257151944,17.512466,0.029316,3.1068319077435054,2.7836216495102217
China,CHN,1998,3082.2094362430003,1241935000.0,828.5804792956815,2.481779993512543,1167.5,1078.3877345,18.061156,0.042827,2.995218998668821,2.858164403800533
China,CHN,1999,2998.450223224,1252735000.0,873.2870617257904,2.393523149927159,1239.9270000000001,1099.096698288,16.681466,0.050567,2.740820578741974,2.7281041130362
China,CHN,2000,3144.35835171,1262645000.0,959.3724836396913,2.490294858578619,1355.738,1129.7383239829999,16.639498,0.055542,2.5957538923056,2.7832625351898
China,CHN,2001,3279.027137996,1271850000.0,1053.108243004523,2.578155551359044,1480.949,1168.350407445,18.958519,0.060502,2.4481391808343966,2.8065442671147953
China,CHN,2002,3538.508798027,1280400000.0,1148.508290441699,2.763596374591534,1654.164,1245.9648969,17.618628,0.06269,2.406248520442718,2.8399747110299187
China,CHN,2003,4114.549188545,1288400000.0,1288.6432518338095,3.1935339867626515,1910.755,1420.101014087,15.03704,0.063797,2.478214185514943,2.8973637422477956
China,CHN,2004,4843.133639192,1296075000.0,1508.6680978826616,3.736769584470035,2203.502,1614.695103447,16.223266,0.069163,2.476866575036882,2.999410618669142
China,CHN,2005,5470.028244844,1303720000.0,1753.417829258233,4.1957078550946525,2500.466,1782.0308252260002,16.175025,0.089343,2.3928739545608515,3.069547488972466
China,CHN,2006,6052.904443613001,1311020000.0,2099.2294346044728,4.616942871667099,2865.954,1949.940524778,15.592783,0.142919,2.199351245537867,3.104148237701825
China,CHN,2007,6514.010825694,1317885000.0,2693.9698268348543,4.942776361893489,3281.79,2098.796316826,15.263347,0.181212,1.8347556504375395,3.1036888970460503
China,CHN,2008,6707.230312594001,1324655000.0,3468.3044632474707,5.063379002528206,3467.185,2154.669885565,17.737444,0.435598,1.4599003796186978,3.1128807050808263
China,CHN,2009,7220.966625311999,1331260000.0,3832.2359515672742,5.424159537064134,3715.061,2296.760891834,17.863798,0.735143,1.4154033325755448,3.1439783962648122
China,CHN,2010,7762.562179646,1337705000.0,4550.453595838572,5.802895391469718,4207.993,2536.430331369,18.831471,1.080206,1.275234494595553,3.0604279106914296
China,CHN,2011,8490.942294544,1344130000.0,5618.132491349625,6.317054373121647,4715.761,2722.7009502280002,16.954167,1.549548,1.124404663444333,3.1185732292167323
China,CHN,2012,8753.727427669,1350695000.0,6316.918863356832,6.4809060725545,4994.045,2820.789812368,20.115498,2.051844,1.0259599992884072,3.1032895075299534
China,CHN,2013,9167.195260788,1357380000.0,7050.645919889634,6.753595353392565,5447.247,2911.7437771100003,20.452496,2.878647,0.9578690279057839,3.1483523148066057
China,CHN,2014,9081.568364305002,1364270000.0,7651.366044285677,6.656723642904265,5678.945,2965.0583125430003,22.789039,3.265395,0.8700045984436664,3.0628633257860414
China,CHN,2015,9061.260441646,1371220000.0,8033.3880431067855,6.60817406517262,5859.515,2993.9027189440003,24.126195,3.937322,0.8225886798587926,3.026571432769218
China,CHN,2016,9003.330684767001,1378665000.0,8078.790474372376,6.530470190196313,6217.907,2964.6206777400002,25.258757,5.025678,0.8083475132709951,3.036925011138508
China,CHN,2017,9178.944750611,1386395000.0,8759.041577750979,6.620728400355598,6584.763513000001,3050.594900627,25.699785,6.467524,0.7558736126076906,3.0089031974466414
China,CHN,2018,9466.50353812,1392730000.0,9770.847087833143,6.7970845304689345,7091.7903035009995,3164.080109195,26.254638,7.748251,0.6956494630780582,2.99186594884554
Colombia,COL,1990,46.079917598,33102575.0,1445.328368261105,1.3920342329259885,36.357,24.223635707000003,76.38419,0.0,0.9631266247135,1.9022709123999952
Colombia,COL,1991,47.74083585,33758337.0,1456.6939689909927,1.4141939471129754,36.99,24.487753165999997,75.682617,0.0,0.9708243304477634,1.949580083005971
Colombia,COL,1992,49.566182498,34422569.0,1697.1128867028244,1.439932693518604,32.944,25.047025312000002,68.665007,0.0,0.8484601730390052,1.9789249174532872
Colombia,COL,1993,52.563070464,35091275.0,1893.5420500558814,1.4978957152169592,38.559,26.200981068,73.253974,0.0,0.791054899030499,2.0061489425751606
Colombia,COL,1994,52.619400507,35758979.0,2284.8387490603795,1.4715017592364703,41.409,27.125288097000002,78.492598,0.0,0.6440287131166752,1.9398651294995681
Colombia,COL,1995,55.142136451,36421438.0,2539.9128772191457,1.5140021778107717,42.716,27.599732833999997,76.404626,0.0,0.5960842954063823,1.9979228343497089
Colombia,COL,1996,55.078881785,37076387.0,2620.53876171399,1.485551485504777,43.362,28.272932954,82.992021,0.0,0.566887812234892,1.948113479228109
Colombia,COL,1997,59.453721348,37723800.0,2827.379751542924,1.576026841092361,44.605000000000004,27.432049167000002,71.644434,0.0,0.5574160458043567,2.167308792210871
Colombia,COL,1998,60.486803139,38364309.0,2566.024060049313,1.5766425804515338,44.897,28.728538882000002,69.746308,0.0,0.6144301625999697,2.1054604756421598
Colombia,COL,1999,52.868055616999996,38999471.0,2209.9314804749147,1.3556095572937386,42.822,25.69119807,79.860819,0.0,0.613417008296754,2.057827566972629
Colombia,COL,2000,55.185428895,39629968.0,2520.480897959017,1.3925176244149378,43.125,25.814553296,75.524638,0.0,0.5524809275652681,2.1377642395055916
Colombia,COL,2001,55.456503250000004,40255967.0,2439.6817891753585,1.3775970963509585,43.442,25.707904496,74.338198,0.0,0.5646626139782773,2.157177114868647
Colombia,COL,2002,53.34133275600001,40875360.0,2396.6273032160475,1.304975240731825,45.042,25.204522034000004,76.504152,0.0,0.5445048710663821,2.116339785537073
Colombia,COL,2003,52.652982025,41483869.0,2281.4019274147986,1.2692399068418618,46.541000000000004,25.734175759000003,78.788595,0.0,0.556342085798147,2.0460333572792084
Colombia,COL,2004,52.847925053,42075955.0,2782.623052754888,1.2560124910533819,49.719,25.99954821,81.650878,0.104588,0.4513771600540319,2.0326478224215263
Colombia,COL,2005,54.347349877,42647723.0,3404.1901985018076,1.2743318061083824,50.337,27.084188957,80.169657,0.097344,0.3743421289060814,2.0066079867956965
Colombia,COL,2006,54.192507339,43200897.0,3731.168489467682,1.2544301415546997,53.765,28.466519692000002,80.600763,0.117177,0.3362030273078519,1.903727885436934
Colombia,COL,2007,55.093190792,43737516.0,4703.213156853745,1.2596323666849303,55.225,28.290058300000002,81.533726,0.090539,0.2678237886899373,1.9474399878490176
Colombia,COL,2008,55.975810487000004,44254975.0,5461.780726413111,1.2648478614438265,55.938,29.618255581000003,84.010869,0.096535,0.23158158937561085,1.8899090911656617
Colombia,COL,2009,59.369451982,44750054.0,5195.393375831107,1.3266900634801468,57.149,30.704064456,72.877916,0.101489,0.25535892424467593,1.9336023759029852
Colombia,COL,2010,60.804302293,45222700.0,6326.549468619631,1.3445526758243094,59.424,31.20352055,72.120692,0.06563,0.2125254346770599,1.9486359622648413
Colombia,COL,2011,65.971139725,45663099.0,7324.383285803396,1.4447363663381674,61.005,31.252444238,83.46529,0.067208,0.19725024073200143,2.1109113649672677
Colombia,COL,2012,65.792548593,46076848.0,8042.529769029779,1.4278873544692121,62.338,31.545841239,79.550194,0.088229,0.17754206642389178,2.0856171846722202
Colombia,COL,2013,75.682264373,46497267.0,8212.66782924683,1.6276712429786464,73.993,38.684628818,69.42008,0.078386,0.19819031730252235,1.9563911218862453
Colombia,COL,2014,79.022009072,46969209.0,8114.08426438361,1.6824215428452287,71.125,38.811830506999996,69.296309,0.098418,0.20734583078341182,2.0360289128271805
Colombia,COL,2015,78.78919225700001,47520667.0,6175.876029702588,1.65799845058993,78.109,38.404245209,64.022072,0.087058,0.2684636871944747,2.05157507531318
Colombia,COL,2016,86.161708465,48171392.0,5871.223523859516,1.788648923929788,76.904,40.042103388,65.904244,0.066316,0.3046467089289081,2.1517777832525486
Colombia,COL,2017,73.95321923600001,48901066.0,6375.9320628531095,1.5123028041147408,77.625997806,38.359882557999995,79.381964,0.003965,0.23718929079021803,1.9278791879558814
Colombia,COL,2018,76.48862375300001,49648685.0,6651.291292676206,1.540597172976485,80.27708299300001,38.756010666,75.728799,0.054229,0.23162377126270953,1.9735938358614964
Egypt,EGY,1990,78.49648802600001,56134475.0,765.6420463779234,1.3983650515302763,42.256,32.240886786,23.504354,0.0,1.8263953216070357,2.4346876234212527
Egypt,EGY,1991,77.173861173,57424549.0,651.0775816546408,1.3439175843244324,44.296,32.259471843,22.349648,0.0,2.06414354017384,2.3922853278128295
Egypt,EGY,1992,80.056355363,58666814.0,713.452523933266,1.3645935394241793,45.678000000000004,33.102034296999996,21.235606,0.0,1.9126620113433348,2.418472370752616
Egypt,EGY,1993,81.831100581,59880658.0,777.8577091217172,1.366569829292791,47.796,34.325776466,21.936982,0.0,1.7568378037106445,2.3839548294575206
Egypt,EGY,1994,77.456203772,61095804.0,849.4524991052629,1.267782706845138,49.304,33.035773096999996,22.251744,0.0,1.4924703949667657,2.3446160483235023
Egypt,EGY,1995,82.136846844,62334034.0,965.1107300460316,1.31768861363922,52.0,35.13161473700001,21.948077,0.0,1.3653237629804116,2.337975281207183
Egypt,EGY,1996,87.344533947,63601629.0,1063.3330945207722,1.373306553940623,55.14,37.288478956,20.955749,0.0,1.291511155833583,2.342400022539552
Egypt,EGY,1997,93.379133214,64892270.0,1208.7199010158135,1.4389870043689332,58.428000000000004,38.830762631,20.515849,0.0,1.190504932664385,2.4047720643903108
Egypt,EGY,1998,98.47944112600001,66200269.0,1281.3967199450549,1.487598806071317,62.966,41.553318912,19.410475,0.0,1.160919786133918,2.3699536813065625
Egypt,EGY,1999,103.606828383,67515591.0,1343.5519627879974,1.5345615264332058,68.495,42.399439095000005,21.436601,0.035039,1.142167604183202,2.443589599165663
Egypt,EGY,2000,101.556749017,68831561.0,1450.4762424329779,1.475438701978588,78.143,40.110786102,17.703441,0.17532,1.0172098368903575,2.5319062248928645
Egypt,EGY,2001,111.55459791,70152661.0,1391.707845691741,1.5901691585155977,83.282,45.782230398,18.432554,0.265363,1.14260271179632,2.4366352827334787
Egypt,EGY,2002,117.018880399,71485043.0,1228.9379748805516,1.6369701337243374,89.19,46.961673487,14.646261,0.228725,1.332020140303212,2.491795366521454
Egypt,EGY,2003,120.45482926,72826097.0,1138.6646732233653,1.6540063826295675,95.183,48.830944075,14.064486,0.386624,1.452584260779214,2.466772484983949
Egypt,EGY,2004,131.628356294,74172073.0,1063.003663029567,1.7746349936046686,101.299,53.420845283000006,12.998154,0.516293,1.6694533192359355,2.4639886470663503
Egypt,EGY,2005,148.930906319,75523569.0,1187.5196897838828,1.9719791886291815,108.69,61.56053483,12.140951,0.507866,1.6605865196122036,2.4192594611186227
Egypt,EGY,2006,157.423114874,76873663.0,1398.1906244141626,2.047815971433545,115.407,65.04166462399999,11.733257,0.533763,1.4646185832433067,2.4203426493471354
Egypt,EGY,2007,169.499657656,78232126.0,1667.843720525996,2.1666247144555424,125.129,69.499522625,13.059323,0.664115,1.2990573923630226,2.438860746865454
Egypt,EGY,2008,177.50207655600002,79636079.0,2044.5278554985339,2.2289153206048735,131.04,72.126123078,11.900946,0.696734,1.0901858414941374,2.4609956695446162
Egypt,EGY,2009,181.862729706,81134798.0,2329.239479967709,2.2414886607100444,139.0,73.813394536,10.069065,0.815108,0.9623264073907586,2.4638174527700736
Egypt,EGY,2010,183.622302042,82761235.0,2644.817039097506,2.218699395218063,146.796,72.990523732,10.047958,1.160795,0.8388857763768613,2.5157005684218374
Egypt,EGY,2011,189.98415967100001,84529250.0,2791.954961862493,2.247555250649923,157.406,76.22262552699999,9.326836,1.109869,0.8050112846915679,2.492490364343364
Egypt,EGY,2012,196.375224898,86422240.0,3232.6488917879433,2.272276498480021,164.62800000000001,78.563342151,8.879413,0.909323,0.7029147224285311,2.499578295950848
Egypt,EGY,2013,195.602281582,88404640.0,3264.3787871527666,2.212579357621953,168.05,77.02746492200001,8.805713,0.860458,0.6777949196121915,2.5393836053162584
Egypt,EGY,2014,198.061973814,90424654.0,3378.831357855546,2.190353681795675,174.875,79.691371672,8.869192,0.965261,0.6482577701616438,2.485362839896884
Egypt,EGY,2015,205.104123139,92442547.0,3598.9709482020994,2.2187199487158225,186.32,79.343070884,8.46447,1.194719,0.6164873183608791,2.5850287977744566
Egypt,EGY,2016,211.74800435,94447072.0,3525.0201645005777,2.241975318726662,194.327,86.159613237,8.071961,1.145492,0.6360177287224975,2.4576248243773207
Egypt,EGY,2017,212.313750456,96442593.0,2440.5101731110713,2.201452116244946,199.571902238,88.34215858200001,7.956808,1.180446,0.9020458674993421,2.40331178073862
Egypt,EGY,2018,212.803771,98423595.0,2549.1394583229544,2.1621215014550117,206.568071069,90.083748525,8.208707,1.630861,0.8481770169127754,2.3622881428046125
India,IND,1990,522.388382758,873277798.0,367.5566181073706,0.5981926758637233,292.732,305.666936639,24.489294,0.010932,1.6274844374832595,1.7090117384038603
India,IND,1991,561.6132894140001,891273209.0,303.05561259578536,0.630124729143519,319.25600000000003,318.451530682,22.807402,0.012216,2.0792379449641722,1.7635754119669063
India,IND,1992,592.938923463,909307016.0,316.9539354777623,0.652077805438378,337.181,330.09077173400004,20.752652,0.026099,2.057326735683105,1.7962905183572149
India,IND,1993,623.962846776,927403860.0,301.15901142645293,0.6728059626320727,360.845,338.026903065,19.558813,0.027436,2.23405555571888,1.8458970014467064
India,IND,1994,664.297957918,945601831.0,346.1029586049337,0.7025134006090984,390.813,350.98706901400004,21.2191,0.051175,2.0297815524050367,1.8926565009479102
India,IND,1995,722.852569829,963922588.0,373.76648895218693,0.7499072838710156,423.66,371.160272592,17.260539,0.1251,2.0063523778530756,1.9475483321018026
India,IND,1996,757.8320342200001,982365243.0,399.95008633532865,0.7714361227863596,443.031,382.508906396,15.767294,0.208563,1.9288309945245703,1.9812140882163913
India,IND,1997,790.542416706,1000900030.0,415.4938069248438,0.789831544620895,472.678,397.689971058,16.015131,0.219811,1.9009466120965866,1.987835938137614
India,IND,1998,806.758823147,1019483581.0,413.2989441345476,0.7913406730451308,503.75100000000003,407.227151991,16.701108,0.224119,1.9146931882495046,1.9811027314918086
India,IND,1999,870.781247017,1038058156.0,441.9987701706256,0.8388559369086062,545.77,430.742187269,15.258076,0.276857,1.8978693913215665,2.0215833803926757
India,IND,2000,908.477507622,1056575549.0,443.31420400077405,0.8598320380230566,569.688,440.91150611100005,13.590948,0.295951,1.9395544520417742,2.060453163572668
India,IND,2001,921.3580477180001,1075000085.0,451.57301188171465,0.8570771859222691,588.171,448.020083536,13.207044,0.381352,1.8979814191083069,2.056510593110422
India,IND,2002,951.406051296,1093317189.0,470.98679722020506,0.8702013110817377,610.5020000000001,462.121125295,12.055161,0.440621,1.8476129611652021,2.058780694539034
India,IND,2003,975.405570333,1111523144.0,546.7266275628268,0.8775395956424638,650.837,473.956219033,13.469425,0.552058,1.6050793054553059,2.0580077466292
India,IND,2004,1032.040806206,1129623456.0,627.7742623067692,0.9136148870885344,683.991,499.133422677,14.482501,0.65688,1.4553238989624044,2.0676651959527383
India,IND,2005,1079.8578749150001,1147609927.0,714.8610802734332,0.9409624729701386,715.6560000000001,514.4901025280001,16.619018,0.868294,1.3162871765381632,2.0988895016813878
India,IND,2006,1151.244696546,1165486291.0,806.7532837025034,0.9877805560099892,773.784,533.131917178,17.540425,1.262109,1.2243898797370634,2.1593993146008303
India,IND,2007,1247.6040395500002,1183209472.0,1028.3347586786979,1.0544236410152743,823.564,567.9549511309999,17.864185,1.439475,1.025370028695809,2.1966602052954687
India,IND,2008,1324.9656157670001,1200669765.0,998.522269363666,1.1035220960752685,849.87,600.481821674,16.658665,1.642251,1.1051552177985136,2.20650412376067
India,IND,2009,1489.353647992,1217726215.0,1101.9609193460417,1.2230611689607094,917.424,665.654650029,15.671271,2.057064,1.1098952308458765,2.237426941924187
India,IND,2010,1575.068311887,1234281170.0,1357.5637005735225,1.2761017101856944,980.423,700.0435025740001,16.129977,2.016477,0.9399939830790899,2.2499577613328436
India,IND,2011,1663.2106408070001,1250288729.0,1458.1031448868316,1.3302612446464757,1072.615,733.600439697,17.168882,2.367485,0.9123231434698824,2.267188718553602
India,IND,2012,1797.480577044,1265782790.0,1443.8795293904227,1.4200545237654874,1124.557,766.414020865,15.845973,2.881579,0.9834993119993926,2.345312752779894
India,IND,2013,1840.7513274320002,1280846129.0,1449.605912338698,1.4371369720023568,1191.884,778.427589249,17.413943,3.130086,0.9913983930182619,2.3647046338733873
India,IND,2014,2001.672344734,1295604184.0,1573.8814921105177,1.5449721214654553,1294.22,823.658116026,16.290275,3.337454,0.9816317996050032,2.4302223286425
India,IND,2015,2013.132036938,1310152403.0,1605.6054310902557,1.5365632519761139,1372.77,836.514901297,15.55745,3.798233,0.9569992865138355,2.4065704434155064
India,IND,2016,2056.930057985,1324509589.0,1729.2680205154388,1.5529748331516233,1477.564,862.373136743,16.197133,3.992111,0.8980532888642281,2.38519727754228
India,IND,2017,2184.8857076480003,1338658835.0,1981.4990445681906,1.632145286403761,1559.057642442,896.64481128,17.061611,5.172384,0.8236921894451072,2.436734903455226
India,IND,2018,2276.951645503,1352617328.0,2015.5904854867522,1.68336720103219,1643.169590198,929.448661962,18.505005,6.396329,0.8351732225138321,2.449787426339952
Indonesia,IDN,1990,147.806892865,181413402.0,585.0765499510036,0.8147517836912623,32.667,98.669130215,20.917133,3.443842,1.3925558694148528,1.4980054302995156
Indonesia,IDN,1991,160.421819475,184591903.0,631.7828372847612,0.8690620599702036,37.34,103.49872837500001,20.557043,2.80932,1.37557085865961,1.549988313805696
Indonesia,IDN,1992,168.320614748,187739786.0,681.9383856119008,0.8965633674899363,41.513,107.892572485,23.838316,2.61123,1.3147278205866841,1.5600760170159178
Indonesia,IDN,1993,182.994368046,190851175.0,827.9053052805842,0.9588328080558058,45.4,118.51970981400001,19.77533,2.400881,1.1581430894815308,1.5439994607916598
Indonesia,IDN,1994,194.01502563600002,193917462.0,912.2032750795041,1.0005031193941678,51.358000000000004,118.662478461,15.656762,3.76767,1.0967984293927993,1.635015787233583
Indonesia,IDN,1995,216.386386563,196934260.0,1026.393420439467,1.098774720878937,59.193,130.8874099,16.463095,3.73355,1.0705200354932896,1.6532253692568486
Indonesia,IDN,1996,234.038081107,199901228.0,1137.4101182358584,1.1707686013164462,67.724,135.646692209,15.530683,3.472919,1.0293284564166947,1.725350447517008
Indonesia,IDN,1997,253.76515967600002,202826446.0,1063.7123652486373,1.2511443388205896,74.627,140.22433933399998,10.339421,3.490694,1.176205504133762,1.8097083636212217
Indonesia,IDN,1998,256.248032099,205724592.0,463.9481694668522,1.245587752090426,78.038,137.140301098,15.765396,3.353494,2.684756259566231,1.8685100590225918
Indonesia,IDN,1999,277.48537979400004,208615169.0,671.0986161100387,1.3301304076982055,85.915,143.719086258,14.123261,3.175231,1.9820192975634245,1.9307482883370617
Indonesia,IDN,2000,272.596485306,211513823.0,780.1902009865787,1.2887880396639608,93.325,155.790241565,15.956068,5.217252,1.651889549540922,1.7497661122263886
Indonesia,IDN,2001,290.67088185200004,214427417.0,748.257615698969,1.355567706400157,101.254,159.333668571,17.474865,5.956308,1.8116323548994315,1.8242903992540371
Indonesia,IDN,2002,296.90868537899996,217357793.0,900.1775757135307,1.3659905231877283,108.217,165.05938171600002,14.953288,5.764344,1.5174678419477052,1.7987992096678207
Indonesia,IDN,2003,325.33684271100003,220309469.0,1065.648539254608,1.4767265528246543,112.974,165.434286118,13.638536,5.571193,1.3857538376185303,1.9665623755824455
Indonesia,IDN,2004,331.90848194700004,223285676.0,1150.2613149956467,1.4864745822163712,120.163,176.215413192,13.606518,5.539143,1.292292944948772,1.8835383121983813
Indonesia,IDN,2005,336.475161823,226289470.0,1263.2873205457474,1.4869236373349586,127.529,179.24168606499998,13.605533,5.17843,1.1770272788716023,1.8772148890687241
Indonesia,IDN,2006,354.939000479,229318262.0,1589.801488661421,1.5478008484077908,133.072,183.355345107,12.258777,5.003306,0.9735812046012148,1.9357984915676691
Indonesia,IDN,2007,372.580513821,232374245.0,1860.0027631068176,1.603364063952096,142.151,182.622269247,12.903884,4.939114,0.8620224097269348,2.040170212303506
Indonesia,IDN,2008,365.007004961,235469762.0,2166.8541670002546,1.5501226223730589,149.326,185.808082318,13.315832,5.564336,0.7153793023916393,1.9644301819783663
Indonesia,IDN,2009,379.063496603,238620563.0,2261.247223745765,1.5885617393459925,156.774,199.015892036,13.233062,5.931468,0.7025157278975156,1.9046895839576026
Indonesia,IDN,2010,380.87940546699997,241834215.0,3122.3628152165043,1.5749607865330386,169.755,207.239275951,15.854025,5.515007,0.5044131254886954,1.8378726895236583
Indonesia,IDN,2011,402.49027245,245116206.0,3643.043936161025,1.6420386029065743,183.417,199.226252944,11.992891,5.112394,0.4507325828842255,2.0202672414018394
Indonesia,IDN,2012,431.19526761400004,248452413.0,3694.3489460323663,1.7355245715162364,200.03,209.09944564300002,11.236814,4.711793,0.4697781928207253,2.0621540448758005
Indonesia,IDN,2013,428.78683056799997,251806402.0,3623.911582351346,1.7028432445017818,216.02,213.961201176,12.27016,4.360244,0.4698909467865398,2.004040116671849
Indonesia,IDN,2014,466.82840979900004,255129004.0,3491.6247908576693,1.8297739672083697,227.876,225.350792915,11.4751,4.408099,0.5240465619328218,2.071563200468005
Indonesia,IDN,2015,465.828889419,258383256.0,3331.6951275862816,1.8028602032130132,233.984,225.603373083,10.651156,4.298157,0.5411240026992309,2.0648134957078876
Indonesia,IDN,2016,466.008321711,261554226.0,3562.8457564197097,1.7816891313046497,248.613,230.490350113,12.810674,4.29704,0.5000747304578974,2.021812720066307
Indonesia,IDN,2017,495.944694698,264645886.0,3836.9138138927096,1.873993592698433,255.333788027,242.250300923,13.283211,5.010275,0.4884116984627257,2.047240778683852
Indonesia,IDN,2018,522.226460033,267663435.0,3893.596077572392,1.9510564079587487,268.35613677500004,251.20561159,12.459515,5.205286,0.5010936853971786,2.078880550189862
Iran,IRN,1990,181.21640076600002,56366217.0,2214.3274920551385,3.214982491480669,59.102000000000004,69.329479423,10.292376,0.0,1.4519001832456198,2.613843379096276
Iran,IRN,1991,200.785320706,57679034.0,,3.481079809797092,64.126,76.856320495,11.003337,0.0,,2.612476363854322
Iran,IRN,1992,218.152525745,58780370.0,,3.71131596730337,68.676,80.90315666,13.876755,0.0,,2.69646494341127
Iran,IRN,1993,219.61083561499998,59723764.0,1067.30753326284,3.6771097617859447,76.20400000000001,87.106241861,12.890399,0.0,3.44522047037815,2.521183682398381
Iran,IRN,1994,248.77214407300002,60590614.0,1185.686304029614,4.105786814984248,81.878,96.701690777,9.092797,0.0,3.462793490175713,2.5725728482522996
Iran,IRN,1995,254.710099393,61442664.0,1569.2552937422247,4.145492444679808,84.98100000000001,101.20950796000001,8.576035,0.0,2.6416940960536732,2.516661769501601
Iran,IRN,1996,262.126117221,62294920.0,1932.8049845066143,4.207824927313496,90.867,97.624583437,8.134966,0.0,2.1770561236355794,2.685042107146687
Iran,IRN,1997,276.516949131,63136312.0,1804.3366774593821,4.379681681929727,97.765,109.2565881,7.087403,0.0,2.4273084600245394,2.5308949688041738
Iran,IRN,1998,280.059955846,63971836.0,1723.835366590682,4.377863343581384,103.464,111.266786483,6.804299,0.0,2.5396064081454077,2.5170130701023634
Iran,IRN,1999,305.88754035000005,64800880.0,1756.8966669642589,4.720422629291455,112.657,126.227582012,4.440914,0.031068,2.6867958247355954,2.423301908143344
Iran,IRN,2000,320.02556391,65623405.0,1670.0094699784852,4.876698548482817,121.383,123.029440623,3.049027,0.030482,2.9201622123410136,2.6012112408984827
Iran,IRN,2001,335.420523656,66449112.0,1909.4122777135306,5.047780377501509,130.199,133.479963295,3.925529,0.026114,2.6436304178090277,2.5128904397036527
Iran,IRN,2002,350.667132392,67284796.0,1911.6787915017164,5.21168455934681,141.081,138.062743962,5.752015,0.021264,2.726234439862556,2.5399113644193294
Iran,IRN,2003,365.501115886,68122938.0,2253.9361322823465,5.36531639146274,153.87800000000001,142.674874827,7.229753,0.017546,2.380420773515794,2.5617763206674424
Iran,IRN,2004,394.84770441800003,68951281.0,2756.1987421936565,5.726473804279286,166.918,155.597397837,6.394757,0.028158,2.077670857552743,2.5376240856651906
Iran,IRN,2005,426.97722587199996,69762347.0,3246.0510293832594,6.120453858468953,178.088,172.67749654,9.080342,0.039868,1.8855075915525032,2.472685986463167
Iran,IRN,2006,460.27224396599996,70554760.0,3774.357841499914,6.523617172902296,192.68200000000002,180.465325099,9.544742,0.064874,1.728404525181385,2.550474689326068
Iran,IRN,2007,492.585520823,71336475.0,4904.6662518516705,6.905100382700435,203.98600000000002,190.951105923,8.887865,0.070103,1.4078634565794432,2.579642146831202
Iran,IRN,2008,501.868080952,72120604.0,5630.442994541131,6.958733747598675,214.53,204.62854375400002,2.423437,0.091363,1.2359122993244684,2.452581012135506
Iran,IRN,2009,520.519650117,72924837.0,5677.88852169889,7.137755414071066,221.37,204.23458467,3.369924,0.10164,1.2571143985643747,2.5486361722626456
Iran,IRN,2010,514.650052247,73762519.0,6603.212269144012,6.97712143272927,232.959,204.293995111,4.163394,0.069969,1.0566253435971593,2.519163874431908
Iran,IRN,2011,530.4616905959999,74634956.0,7818.057232195785,7.107416136160111,240.052,208.33017749,5.12264,0.090397,0.9091025973679036,2.546254685648998
Iran,IRN,2012,535.163497477,75539862.0,7927.647541586734,7.084517806995728,254.276,216.766090299,4.985528,0.081408,0.8936469198248119,2.4688524701387244
Iran,IRN,2013,558.2496956870001,76481943.0,6111.440608030828,7.299104517872933,262.434,220.97727343,5.707721,0.143274,1.1943345253623896,2.526276512610875
Iran,IRN,2014,584.096719358,77465753.0,5608.602511511296,7.5400637925510114,274.609,237.16576755100002,5.195387,0.130367,1.3443747844628882,2.462820521652207
Iran,IRN,2015,578.2510805860001,78492215.0,4916.085937931428,7.366986402231102,280.633,235.140087554,5.104888,0.079107,1.498547115580114,2.459176938314291
Iran,IRN,2016,590.110070341,79564016.0,5265.906634584248,7.416795933742208,289.094,247.62137587200002,5.776322,0.087861,1.4084556465608082,2.383114415154686
Iran,IRN,2017,605.366087516,80673951.0,5627.749268454558,7.503860663970704,307.859379079,254.55846226199998,4.995475,0.097059,1.333367978213313,2.3781023900629052
Iran,IRN,2018,631.774590868,81800269.0,,7.723380357930119,310.83532908499996,265.324133629,5.317909,0.166467,,2.3811425754108138
Kuwait,KWT,1990,28.072068961000003,2095344.0,8794.631228942731,13.397355737769074,18.477,9.113770613000002,0.0,0.0,1.5233561691227013,3.080181645230091
Kuwait,KWT,1991,7.821593521,2031296.0,5419.590830790933,3.8505434564928005,10.78,2.691724432,0.0,0.0,0.7104860083931565,2.905792817427605
Kuwait,KWT,1992,22.49939064,,,,16.885,8.824955216000001,0.0,0.0,,2.5495189595078847
Kuwait,KWT,1993,28.802289788,,,,20.178,12.304480861,0.0,0.0,,2.34079682949413
Kuwait,KWT,1994,33.371731134,,,,22.802,14.434597608,0.0,0.0,,2.3119266667679454
Kuwait,KWT,1995,33.328883423,1605901.0,16932.356980936493,20.754008760814024,23.724,14.799661158000001,0.0,0.0,1.2257011108483118,2.252003141638413
Kuwait,KWT,1996,32.422223345,1626857.0,19358.792839168145,19.929362780502526,25.475,14.555103312,0.0,0.0,1.0294734256456302,2.227550203526855
Kuwait,KWT,1997,33.545667307,1710256.0,17748.474236165584,19.614412875616285,26.724,14.702809306999999,0.0,0.0,1.1051323406520503,2.281582152536586
Kuwait,KWT,1998,39.712423197999996,1831119.0,14167.25481082456,21.687516320894492,29.984,16.796651785999998,0.0,0.0,1.5308199513941148,2.3643059166768157
Kuwait,KWT,1999,43.770182931,1951636.0,15434.168787086324,22.427431616858883,31.576,18.0263439,0.0,0.0,1.4531026533559603,2.4281231498640166
Kuwait,KWT,2000,47.079126028,2045123.0,18439.9003907245,23.02019293118311,32.323,18.724583747,0.0,0.0,1.2483903081582024,2.514294932486437
Kuwait,KWT,2001,51.051136104,2103282.0,16588.72787486094,24.272130938219412,34.299,19.983466856,0.0,0.0,1.46317011896989,2.5546686404252217
Kuwait,KWT,2002,53.104109756,2136997.0,17846.326057147686,24.84987566945578,36.362,20.549927616,0.0,0.0,1.3924364930844173,2.5841506962123595
Kuwait,KWT,2003,54.849836894,2161626.0,22148.06767043628,25.374341765874394,39.802,21.900422412,0.0,0.0,1.1456684232432888,2.5045104547365202
Kuwait,KWT,2004,57.815395597000006,2200492.0,27012.190266995607,26.273849483206483,41.256,23.368487632,0.0,0.0,0.9726663859357139,2.4740751950857787
Kuwait,KWT,2005,66.212628172,2270198.0,35590.704073159905,29.166014670086046,43.734,26.281896207000003,0.0,0.0,0.8194840599425253,2.5193246199018438
Kuwait,KWT,2006,67.99702911600001,2373672.0,42782.09235348529,28.64634587929588,47.607,25.663250588,0.0,0.0,0.6695873040197897,2.6495875447592385
Kuwait,KWT,2007,68.27244916800001,2504019.0,45782.83863598388,27.265148214929685,48.753,26.264812769000002,0.0,0.0,0.5955320602051996,2.599388382032597
Kuwait,KWT,2008,72.83295765700001,2656009.0,55495.23112810738,27.42195438983829,51.749,28.713684572,0.0,0.0,0.49413172686021206,2.5365242650893607
Kuwait,KWT,2009,79.93706896600001,2821045.0,37539.25602296196,28.335977967738906,53.216,31.409083188,0.0,0.0,0.7548358963322659,2.545030317743893
Kuwait,KWT,2010,78.85451392,2991884.0,38577.38165720313,26.356140117731837,57.029,32.085721007000004,0.0,0.0,0.6832018915107124,2.4576201327312126
Kuwait,KWT,2011,80.111067572,3168060.0,48618.88229133414,25.287105538405207,57.457,31.01509276,0.0,0.0,0.5201087385530538,2.582970432876435
Kuwait,KWT,2012,79.466982517,3348853.0,51978.998483639545,23.72961205433622,62.655,34.329601959,0.0,0.0,0.4565230717518565,2.314823883245363
Kuwait,KWT,2013,88.51439678199999,3526378.0,49388.10940124989,25.100654774388904,60.982,33.963696061,0.0,0.0,0.5082327523505824,2.6061473587275366
Kuwait,KWT,2014,83.227028863,3690942.0,44062.3050995611,22.548993959536617,65.14,31.624386902999998,0.0,0.0,0.5117524811420097,2.631735727186692
Kuwait,KWT,2015,92.179170657,3835591.0,29869.529390824766,24.032586023118732,68.288,33.66785676000001,0.0,0.0,0.8045853588339758,2.737898385219338
Kuwait,KWT,2016,91.768306184,3956873.0,27653.16440101049,23.192128275029297,70.09400000000001,35.830210194,0.002853,0.002853,0.8386790003021073,2.561199213935038
Kuwait,KWT,2017,91.071091445,4056097.0,29474.541431534213,22.452887947452933,72.787,35.997869141,0.002748,0.002748,0.7617722569020546,2.5299022863904463
Kuwait,KWT,2018,91.630620557,4137309.0,34243.95290985914,22.147395941903298,74.95821767300001,36.048302234000005,0.003244,0.003244,0.6467534866725876,2.54188449603532
Nigeria,NGA,1990,28.320070991,95212450.0,567.5286728583452,0.2974408387873645,13.463000000000001,66.43258592500001,32.585605,0.0,0.5240983460611964,0.4262978867475118
Nigeria,NGA,1991,33.589138584000004,97667632.0,502.9141389189393,0.34391269549772646,14.167,69.61533823399999,41.864897,0.0,0.6838397827450204,0.4824962348253755
Nigeria,NGA,1992,40.143755982,100161710.0,477.1776142275906,0.4007894432113829,14.834,72.366361328,40.845355,0.0,0.8399166919431927,0.5547295075407858
Nigeria,NGA,1993,36.637484389,102700753.0,270.2239614551638,0.35674017296640465,14.505,73.52816121200001,38.41434,0.0,1.320164840472875,0.49827826216631477
Nigeria,NGA,1994,30.848021979000002,105293700.0,321.32067718921667,0.2929712032058898,15.531,71.724176309,35.812246,0.0,0.9117720209252744,0.43009238399757227
Nigeria,NGA,1995,33.198861437,107948335.0,408.18105995030453,0.30754398793645127,15.857000000000001,72.970393387,34.684997,0.0,0.7534499223797751,0.4549634433369318
Nigeria,NGA,1996,36.927525037,110668794.0,461.5195778902226,0.3336760409352613,16.243000000000002,75.947415573,33.86074,0.0,0.7229943363629738,0.48622490651450256
Nigeria,NGA,1997,41.579918082999995,113457663.0,479.9837556454229,0.3664795923304008,16.117,79.072664897,34.702488,0.0,0.763524990210563,0.5258444006808417
Nigeria,NGA,1998,37.627985904,116319759.0,469.43056482933247,0.3234874816410168,15.111,80.01967136100001,38.217193,0.0,0.6891061338509665,0.4702341969669614
Nigeria,NGA,1999,39.460081341999995,119260063.0,497.8415405135045,0.33087422855042425,16.089,82.68029372299999,38.212443,0.0,0.6646175572434959,0.4772610203127882
Nigeria,NGA,2000,43.990401068,122283850.0,567.9307360095652,0.35974007252797485,14.727,87.064213569,38.215523,0.0,0.6334224399538679,0.5052638651945875
Nigeria,NGA,2001,49.657353949,125394046.0,590.3818150349067,0.3960104608874332,15.462,90.757939833,38.216272,0.0,0.670770086073906,0.5471406032394794
Nigeria,NGA,2002,51.356502541000005,128596076.0,741.7475111804632,0.39936290545132963,21.545,93.520797915,38.217684,0.0,0.538408150255548,0.5491452563062748
Nigeria,NGA,2003,55.613971739,131900631.0,795.3862467429866,0.4216353729119006,20.184,98.041488724,36.900515,0.0,0.5301014125381825,0.5672493600700089
Nigeria,NGA,2004,55.872272188000004,135320422.0,1007.8743275160411,0.4128886930902418,24.275000000000002,99.471517071,33.400618,0.0,0.4096628734535063,0.5616911637943547
Nigeria,NGA,2005,58.353391276,138865016.0,1268.3834433169327,0.4202166460413615,23.539,105.24248938800001,33.000552,0.0,0.33130095497183293,0.5544660869895157
Nigeria,NGA,2006,53.119586477999995,142538308.0,1656.424758680559,0.3726688440696237,23.11,105.910697629,27.100822,0.0,0.22498386486717128,0.5015507183615702
Nigeria,NGA,2007,49.119762256,146339977.0,1883.4613112493173,0.33565511805431,22.978,109.850534749,27.099835,0.0,0.17821184648155414,0.4471508706647161
Nigeria,NGA,2008,54.050825276000005,150269623.0,2242.871885536942,0.35969229307243294,21.11,113.159207375,27.1009,0.0,0.16037130582085068,0.47765291512585595
Nigeria,NGA,2009,45.799988652,154324933.0,1891.3353704642059,0.29677633912855805,19.777,111.083230674,22.900339,0.0,0.1569136514671736,0.41230335464774964
Nigeria,NGA,2010,55.941820649,158503197.0,2292.4451561908195,0.35293812180330975,26.121000000000002,127.201878461,24.401822,0.0,0.15395706233154122,0.4397876928063741
Nigeria,NGA,2011,61.102043294000005,162805071.0,2520.4041657937805,0.37530798591648296,27.034,138.723132624,21.761486,0.0,0.14890785811659013,0.4404603769986446
Nigeria,NGA,2012,62.807047672,167228767.0,2746.991788583833,0.3755756189483835,28.706,140.07380195200003,19.713649,0.0,0.13672251242585814,0.44838539967325575
Nigeria,NGA,2013,82.252142975,171765769.0,2998.072842641175,0.47886225208819105,28.883,142.756654749,18.439913,0.0,0.1597233547088648,0.5761702886609296
Nigeria,NGA,2014,90.106096981,176404902.0,3222.6935372558733,0.5107913440013134,30.39,146.391360272,17.591313,0.0,0.15849826801596925,0.6155151288544617
Nigeria,NGA,2015,85.152995213,181137448.0,2730.4303237014983,0.4701015508013561,31.426000000000002,144.884635281,18.195125,0.0,0.1721712312966348,0.5877296446779742
Nigeria,NGA,2016,88.28784038500001,185960289.0,2175.9996702185845,0.4747671713125806,30.897000000000002,149.79483306199998,18.079425,0.0,0.21818347576536584,0.5893917605853449
Nigeria,NGA,2017,94.819183222,190873311.0,1968.559588305438,0.4967650151047047,30.792483557,152.835053934,18.091822,0.0,0.2523494935361985,0.6204020660269898
Nigeria,NGA,2018,99.377360971,195874740.0,2028.1819701759794,0.5073515909759472,33.309560022999996,155.546390159,16.724692,0.0,0.2501509225683166,0.6388921071676184
Portugal,PRT,1990,39.659889171,9983218.0,7885.394019192242,3.972655828110736,28.501,17.198645745,35.079471,0.021052,0.5037992798383567,2.3059890737344797
Portugal,PRT,1991,41.101441378000004,9960235.0,8959.86720805384,4.1265533773048535,29.872,17.331995900000003,33.446036,0.023433,0.460559658026581,2.3714199804305283
Portugal,PRT,1992,45.050376222,9952494.0,10811.630636570999,4.5265414098214976,30.088,18.60146982,19.828503,0.033236,0.41867333078418306,2.4218718551779475
Portugal,PRT,1993,43.711710709,9964675.0,9535.594849108676,4.386666971978514,31.206,18.27225004,30.936358,0.051272,0.4600307627781134,2.3922456519208186
Portugal,PRT,1994,44.329769263,9991525.0,9978.301936978545,4.436737060959163,31.382,18.852170125,37.241094,0.162514,0.4446384854838957,2.3514411852359625
Portugal,PRT,1995,48.507125192000004,10026176.0,11782.521478967843,4.838048443594048,33.265,20.08983912,28.561551,0.177364,0.41061231691621447,2.4145103851881915
Portugal,PRT,1996,46.552710508,10063945.0,12185.063893053364,4.625692062903761,34.521,19.931005655,46.024159,0.205672,0.3796198447133988,2.3356930058529954
Portugal,PRT,1997,48.779755961000006,10108977.0,11578.441514986182,4.825389944106115,34.208,20.912680244,41.808934,0.263096,0.41675642942623387,2.332544436765597
Portugal,PRT,1998,53.547081288,10160196.0,12202.691406770378,5.270280345772857,38.984,22.738916796,36.486764,0.379643,0.43189491318683726,2.3548650873914743
Portugal,PRT,1999,60.320141524,10217828.0,12474.818082011938,5.903421111022813,43.287,24.411037122000003,20.779911,0.471273,0.4732270300226061,2.471019204245016
Portugal,PRT,2000,59.819830977,10289898.0,11502.39681264278,5.8134522788272545,43.764,24.583212679,30.298876,0.568961,0.5054122522044656,2.433360999561322
Portugal,PRT,2001,59.362276899,10362722.0,11729.146162981122,5.728444408621596,46.509,24.777544749,34.578254,0.778344,0.48839398273519635,2.3958094920359616
Portugal,PRT,2002,63.266580955,10419631.0,12882.288973030783,6.071863864948769,46.107,25.808873672,22.100766,0.997679,0.4713342386326129,2.4513499410723143
Portugal,PRT,2003,58.783398956,10458821.0,15772.733395054154,5.620461326950714,46.852000000000004,25.089347026,38.49142,1.25715,0.35634034927092084,2.3429624890230496
Portugal,PRT,2004,60.085854826,10483861.0,18045.588099483284,5.731271601750539,45.105000000000004,25.792216661999998,27.917082,2.001995,0.3175996021938818,2.329611898558733
Portugal,PRT,2005,63.068459144,10503330.0,18784.948499214883,6.004615597529545,46.575,26.430081936,18.565754,3.965647,0.31965036251126844,2.3862377459411293
Portugal,PRT,2006,57.779231545,10522288.0,19821.444626863202,5.491128122039617,49.041000000000004,25.113955449000002,33.007076,6.147917,0.27702966284292485,2.3006822506448574
Portugal,PRT,2007,56.27866,10542964.0,22780.05845055134,5.338030178230714,47.253,25.290201594,35.077138,9.019533,0.23432908171934555,2.2253148038705985
Portugal,PRT,2008,54.34213196,10558177.0,24815.60883566217,5.146923750189072,45.974000000000004,24.639006434,32.933832,13.029103,0.2074067085870768,2.2055326015505194
Portugal,PRT,2009,53.83317186200001,10568247.0,23063.97161413018,5.0938601134133235,50.207,24.310328799,37.875197,15.776685,0.22085789033370826,2.2144156217341835
Portugal,PRT,2010,48.495646251,10573100.0,22538.65407734817,4.586700802129933,54.09,23.451612237000003,53.155851,17.72971,0.20350375787255484,2.0679024435892557
Portugal,PRT,2011,47.972285202,10557560.0,23196.183750075903,4.543879949723231,52.463,22.80169977,47.061739,18.395822,0.195889116877183,2.1038907487553504
Portugal,PRT,2012,46.54151563,10514844.0,20577.402637589916,4.426267820045642,46.614000000000004,21.410139038,43.780838,23.164714,0.2151033295115646,2.1738072577387433
Portugal,PRT,2013,45.073683345999996,10457295.0,21618.735338966253,4.310262199354613,51.672000000000004,21.516548279,59.237111,24.558755,0.19937624156884273,2.0948380177684727
Portugal,PRT,2014,44.192509244,10401062.0,22077.536132521913,4.248845862470582,52.802,21.192530559999998,61.366994,24.512329,0.19245108860728824,2.0852870363396567
Portugal,PRT,2015,48.307499908,10358076.0,19252.63495360418,4.663752216917505,52.419000000000004,22.035553379,48.66556,24.05044,0.24223968449806552,2.1922526326948204
Portugal,PRT,2016,48.503852551,10325452.0,19977.3984908279,4.697504046408816,60.28,22.127635364000003,55.487724,22.342402,0.23514092931397204,2.19200342707708
Portugal,PRT,2017,52.678349131000004,10300300.0,21291.43099071171,5.114253869401862,59.432689452,23.094627562000003,40.991163,22.640747,0.2402024491276764,2.2809785085115286
Portugal,PRT,2018,50.193824826,10281762.0,23145.73495625951,4.881831034991862,59.770921747,22.395704592999998,52.175637,23.370864,0.21091708879486776,2.2412255268668164
Russia,RUS,1990,2193.068197991,148292000.0,3485.11230559947,14.788850362737033,1082.152,881.628749287,15.338141,0.002587,4.243435810942461,2.4875189242236044
Russia,RUS,1991,2199.361050164,148624000.0,3485.05600012759,14.798155413419098,1068.163,872.4748573730001,15.69414,0.002715,4.2461743549823385,2.520830292790581
Russia,RUS,1992,2045.96923715,148689000.0,3095.6597791412,13.760057819677314,1008.45,799.8767699609999,17.046557,0.002876,4.44495157781668,2.5578555522368234
Russia,RUS,1993,1860.724769824,148520000.0,2929.46211857553,12.528445797360625,956.587,756.284694454,18.225629,0.002927,4.276705173252987,2.460349632180975
Russia,RUS,1994,1634.697728951,148336000.0,2663.3945990755,11.020236011157102,875.914,659.352798644,20.101517,0.003539,4.137665524658785,2.479245909493154
Russia,RUS,1995,1594.406681031,148375726.0,2665.78096295114,10.74573802611756,860.027,638.587269009,20.51924,0.003488,4.030990608553804,2.4967717936270493
Russia,RUS,1996,1574.697993878,148160042.0,2643.93074851111,10.628358176882806,847.183,633.9654323020001,18.225342,0.003305,4.019907927947057,2.4838862083695856
Russia,RUS,1997,1482.279013573,147915307.0,2737.57302340505,10.021133333908438,834.1320000000001,605.7244678970001,18.893772,0.003477,3.660590328817583,2.447117612268971
Russia,RUS,1998,1463.645657478,147670692.0,1834.86298596367,9.911551423338626,827.158,591.392052134,19.285795,0.003627,5.401793757441283,2.4749160090950313
Russia,RUS,1999,1505.28956822,147214392.0,1330.76070681278,10.225152227100187,846.226,608.3798555750001,19.076582,0.003545,7.68368961809054,2.474259386509931
Russia,RUS,2000,1524.757717989,146596557.0,1771.59782952435,10.401047263265534,877.766,618.638580079,18.849785,0.006836,5.870997971395164,2.464698722466175
Russia,RUS,2001,1531.230335663,145976083.0,2100.35825266321,10.489597365501307,891.284,625.334521819,19.74309,0.010547,4.994194372412763,2.448657929853115
Russia,RUS,2002,1514.461893079,145306046.0,2377.53695684392,10.422566264579245,891.285,622.404912272,18.4418,0.018176,4.383766247913456,2.433242192049342
Russia,RUS,2003,1555.1459310359999,144648257.0,2975.13277835871,10.75122482143701,916.2860000000001,644.640346725,17.253892,0.036342,3.613695798601679,2.4124241353131075
Russia,RUS,2004,1553.001097754,144067054.0,4102.37229354976,10.779710243495366,931.865,646.688488241,19.126698,0.043998,2.6276772248205056,2.401467052518873
Russia,RUS,2005,1550.816715194,143518523.0,5323.47387656258,10.805690323290186,953.086,651.021528194,18.367912,0.043753,2.029819357405681,2.3821281601794695
Russia,RUS,2006,1611.725161997,143049528.0,6920.194397836,11.266903040721672,995.794,669.924733383,17.653651,0.046998,1.6281194418822864,2.4058302099969895
Russia,RUS,2007,1591.586024316,142805088.0,9101.25670609495,11.145163289392041,1015.333,671.8061907790001,17.677747,0.048457,1.2245741054560435,2.3691148521130168
Russia,RUS,2008,1611.929929281,142742350.0,11635.2742379959,11.29258366056745,1040.3790000000001,687.455889067,16.071547,0.045176,0.9705472711326935,2.3447757956785793
Russia,RUS,2009,1512.385152821,142785342.0,8562.81369694433,10.59201968239149,991.98,646.2207526679999,17.804694,0.047178,1.2369788783529518,2.3403537360521716
Russia,RUS,2010,1609.7977998560002,142849449.0,10674.9972024225,11.2691915238399,1038.03,687.553965631,16.275252,0.049035,1.0556622461018124,2.3413402879272387
Russia,RUS,2011,1682.598581608,142960868.0,14351.2120537731,11.769644414917792,1054.765,721.024897095,15.943836,0.049964,0.8201150098554509,2.33362063971323
Russia,RUS,2012,1666.069002073,143201676.0,15434.5747807082,11.634423902084778,1070.734,739.077575844,15.675789,0.045016,0.7537897264670186,2.254254568839285
Russia,RUS,2013,1610.846697492,143506911.0,16007.089993444,11.224871933115471,1059.092,719.172949742,17.292171,0.042395,0.701243757467024,2.239859964240707
Russia,RUS,2014,1598.721772439,143819666.0,14100.7291028658,11.116155508517172,1064.207,723.743381861,16.715169,0.06681,0.7883390587411505,2.208962199181872
Russia,RUS,2015,1606.2153527589999,144096870.0,9313.78754166624,11.146774754781278,1067.544,709.19568458,16.007209,0.088053,1.196803631703533,2.2648408439064784
Russia,RUS,2016,1582.761904556,144342396.0,8745.37511648808,10.965329303221488,1090.973,731.731684787,17.207392,0.096794,1.253843220806849,2.163035901632067
Russia,RUS,2017,1689.052770504,144496740.0,10750.5871197198,11.689210223732383,1109.9005929,773.12283131,16.975838,0.10073,1.0873090086671515,2.1847146431337743
Russia,RUS,2018,1754.591228376,144478050.0,11288.8724435206,12.144344614119584,1127.840537024,800.053484006,17.180802,0.123083,1.0757801255066881,2.193092416260063
South Korea,KOR,1990,243.98942070200002,42869283.0,6516.305759389567,5.691474259133282,105.371,93.971125207,6.037714,0.000949,0.8734203810084024,2.596429702895853
South Korea,KOR,1991,268.259845363,43295704.0,7523.477001618435,6.195992225071568,114.82000000000001,100.846878996,4.39993,0.000871,0.8235543517629813,2.660070872135173
South Korea,KOR,1992,290.3847226,43747962.0,8001.540991862494,6.637674289833203,126.17,111.41578019,3.855909,0.001585,0.8295494951014646,2.606315928540822
South Korea,KOR,1993,317.39731245999997,44194628.0,8740.945602572405,7.1818075368798215,144.814,124.98370733600001,4.149461,0.002072,0.8216282154606089,2.5395095026804153
South Korea,KOR,1994,342.665074049,44641540.0,10205.807465992502,7.675924129163107,163.516,132.886216179,2.508011,0.001835,0.7521133584716937,2.5786351955978963
South Korea,KOR,1995,371.43179262800004,45092991.0,12332.97935177452,8.237018312402476,183.857,145.707925794,3.116553,0.001088,0.6678855187750964,2.5491529757490716
South Korea,KOR,1996,394.31108839300003,45524681.0,13137.9080701614,8.661479437780136,205.382,158.16628567,2.730035,0.001461,0.6592738654833447,2.4930160477795837
South Korea,KOR,1997,416.725428093,45953580.0,12131.8747042592,9.068399634870667,224.704,172.317036367,2.440989,0.00178,0.7474854345212597,2.4183646427475702
South Korea,KOR,1998,359.35955593799997,46286503.0,8085.323528383277,7.763808727092647,217.889,157.59943589600002,2.828504,0.002754,0.9602347636230062,2.2802083896743235
South Korea,KOR,1999,393.37218116400004,46616677.0,10409.326888243304,8.438443202719062,237.50300000000001,174.495951749,2.595336,0.004632,0.8106617549161383,2.2543341391084986
South Korea,KOR,2000,434.884295382,47008111.0,11947.579128206073,9.251260817138558,290.12600000000003,190.05797569,1.968455,0.007583,0.7743209496975002,2.288166512366372
South Korea,KOR,2001,451.97509806500005,47370164.0,11252.907554078276,9.541345435599506,310.958,193.34429424200002,1.954926,0.00611,0.8479004550376434,2.337669698694516
South Korea,KOR,2002,455.35473066000003,47644736.0,12782.52553466694,9.557293604481302,331.882,201.452167679,1.660831,0.006629,0.7476842959211288,2.260361533491047
South Korea,KOR,2003,469.235389706,47892330.0,14209.388519255654,9.797714784517687,345.192,205.799924006,2.063779,0.00956,0.6895240264027162,2.2800561855033514
South Korea,KOR,2004,479.424696471,48082519.0,15907.665834035204,9.970873124825262,368.16200000000003,212.11028407600003,1.67888,0.015482,0.626796742454327,2.2602614416339195
South Korea,KOR,2005,478.808509259,48184561.0,18639.52220538417,9.936969421782218,389.39,213.88101602400002,1.429929,0.037238,0.5331128830604813,2.2386676394190683
South Korea,KOR,2006,488.77843268500004,48438292.0,20888.380150532623,10.09074458457371,404.021,217.705259113,1.427896,0.068561,0.483079325053188,2.2451383796442848
South Korea,KOR,2007,517.849201516,48683638.0,23060.7078836716,10.637027609070628,427.31600000000003,226.75161470400002,1.396625,0.106245,0.46126197264752217,2.2837729389137835
South Korea,KOR,2008,530.51357072,49054708.0,20430.639460080725,10.814733026644456,446.42900000000003,231.96780077100001,1.538655,0.165984,0.5293389395753022,2.2870138396652995
South Korea,KOR,2009,535.742724992,49307835.0,18291.919597863318,10.865265631557339,454.504,234.330776601,1.653451,0.294827,0.5939926410362372,2.2862670143590256
South Korea,KOR,2010,594.3068782290001,49554112.0,22086.95291932011,11.993089054426,499.50800000000004,255.591965802,1.796968,0.357552,0.5429942780353052,2.325217368880026
South Korea,KOR,2011,626.319480849,49936638.0,24079.788523885956,12.542283700576718,523.2860000000001,266.510247572,2.047064,0.396533,0.5208635320088212,2.350076541352484
South Korea,KOR,2012,629.881279122,50199853.0,24358.782175822605,12.547472581682658,534.618,270.53053113000004,2.015645,0.450789,0.515110833173618,2.3283186429679485
South Korea,KOR,2013,628.565321733,50428893.0,25890.01866989056,12.464388653802098,541.996,271.506644026,2.377877,0.704249,0.4814360627826765,2.315101068660432
South Korea,KOR,2014,624.60141122,50746659.0,27811.366383770037,12.308227251374323,550.934,276.824883398,2.472347,0.932598,0.4425610407461703,2.256305154193782
South Korea,KOR,2015,638.750880993,51014947.0,27105.076226264027,12.520857485022969,552.697,283.010638404,2.585865,1.249147,0.46193773374784397,2.2569854073159537
South Korea,KOR,2016,656.141542714,51245707.0,27608.247428711602,12.803834333166678,562.6030000000001,293.352633313,3.496426,1.501236,0.46376845782145315,2.2366990038705845
South Korea,KOR,2017,683.119540639,51466201.0,29742.83886134708,13.273168164073349,576.228743915,301.561679772,4.130968,1.899441,0.4462643336081401,2.2652730318901337
South Korea,KOR,2018,703.989040008,51635256.0,31362.751472940006,13.633883019927316,593.346026151,306.774405911,4.424974,2.181469,0.434715781607705,2.2948102137706954
United Kingdom,GBR,1990,553.079202107,57247586.0,19095.46699846078,9.66117946190779,319.737,205.598210142,2.437316,0.002815,0.5059409891722756,2.6900973589459083
United Kingdom,GBR,1991,563.2951932459999,57424897.0,19900.726650506862,9.809250389182237,322.875,212.735973801,2.120325,0.003407,0.49290915660772616,2.6478605530671753
United Kingdom,GBR,1992,557.051620773,57580402.0,20487.170785287846,9.674326705343253,321.043,212.29219252400003,2.523649,0.012459,0.4722138945749667,2.623985433237373
United Kingdom,GBR,1993,540.553300722,57718614.0,18389.019567509866,9.365320184611502,323.10200000000003,214.46547371900002,2.214471,0.067471,0.5092887171189029,2.5204677067519565
United Kingdom,GBR,1994,533.0644076809999,57865745.0,19709.238098365302,9.212089253858219,326.487,221.267202963,2.578357,0.104751,0.4673995619659329,2.4091433368466193
United Kingdom,GBR,1995,523.119088594,58019030.0,23024.5558303071,9.016336339887102,334.041,216.556629009,2.521547,0.117051,0.3915965374680082,2.4156226063726702
United Kingdom,GBR,1996,544.689615086,58166950.0,24230.431480623556,9.3642457630321,350.869,225.592610599,2.063733,0.139083,0.3864663231655798,2.414483407234503
United Kingdom,GBR,1997,522.405659359,58316954.0,26641.019646247532,8.958040904519807,350.666,218.963943293,2.404567,0.190209,0.3362499267471384,2.385806774862282
United Kingdom,GBR,1998,526.915760843,58487141.0,28068.838492336046,9.009087328153038,362.70300000000003,220.999013449,2.832345,0.241796,0.32096402316800143,2.3842448553038293
United Kingdom,GBR,1999,524.8825818949999,58682466.0,28428.773023794736,8.944453389109448,368.152,221.59963860899998,3.400226,0.231155,0.3146267825777422,2.368607571698822
United Kingdom,GBR,2000,533.382010688,58892514.0,27987.75116111156,9.056872842752137,377.069,222.662589518,3.358537,0.251413,0.32360130653642827,2.395472054118375
United Kingdom,GBR,2001,543.29569285,59119673.0,27500.14577614001,9.189761466542619,384.79,223.56033676100003,3.111048,0.251306,0.3341713728119923,2.4301971482124625
United Kingdom,GBR,2002,528.5783831240001,59370479.0,29863.589066377182,8.903050674797488,387.247,220.45065109,3.558194,0.325115,0.2981239346352128,2.3977174960041534
United Kingdom,GBR,2003,543.0272432959999,59647577.0,34265.12759662801,9.10392794825513,398.19800000000004,224.299682345,3.353106,0.323457,0.26569076454135365,2.4209898008716677
United Kingdom,GBR,2004,542.8893538460001,59987905.0,40068.31145017643,9.04998022261321,393.927,221.51275953,4.261196,0.492223,0.22586377850902326,2.450826557340934
United Kingdom,GBR,2005,541.146854997,60401206.0,41803.89137504066,8.959206129046496,398.356,222.61358759,4.987499,0.731004,0.21431512317046306,2.4308797178798476
United Kingdom,GBR,2006,541.945536818,60846820.0,44326.91460175311,8.906719148478098,397.283,218.819371288,5.527294,1.066242,0.2009325311382228,2.476679891858003
United Kingdom,GBR,2007,530.8198039929999,61322463.0,50293.44054655507,8.656204888459877,396.83,210.89871767000002,5.934027,1.332561,0.17211399328401678,2.5169418280844678
United Kingdom,GBR,2008,515.0534075200001,61806995.0,46985.567971811,8.333254310778255,388.919,208.21245523,6.668741,1.835601,0.1773577434623711,2.4736916288271567
United Kingdom,GBR,2009,466.982473402,62276270.0,38454.226500390396,7.498562026948628,376.75600000000003,195.865837402,7.67871,2.468972,0.19499968428366388,2.3841956289883943
United Kingdom,GBR,2010,484.107171471,62766365.0,39079.84260558129,7.712843837157051,382.071,203.19420340200003,7.677107,2.703163,0.19736117964957006,2.382485146553324
United Kingdom,GBR,2011,446.923405959,63258918.0,41652.55708501526,7.064986567727889,367.984,188.580497996,10.358874,4.404539,0.1696171150622961,2.3699343819130214
United Kingdom,GBR,2012,468.624091754,63700300.0,42018.72546355334,7.356701487339934,363.879,193.629829382,12.151292,5.827487,0.1750815001212036,2.4202060873042517
United Kingdom,GBR,2013,456.092653578,64128226.0,42938.42517604908,7.112198200804744,358.29,190.889370069,15.66301,8.488096,0.1656371460211798,2.389303571032468
United Kingdom,GBR,2014,417.331402853,64613160.0,46967.668135209235,6.458922653728745,338.1,179.833015587,19.936705,10.652174,0.13751848686920065,2.3206606500523397
United Kingdom,GBR,2015,401.51003724500003,65128861.0,44472.151701446135,6.16485581169614,338.92400000000004,181.43560873,25.416908,14.122635,0.13862283644565984,2.212961612416996
United Kingdom,GBR,2016,378.07749165600006,65595565.0,40539.91960691621,5.763766066440621,339.399,178.699973551,25.393416,14.080183,0.142175073910539,2.1157109547534367
United Kingdom,GBR,2017,369.990562099,66058859.0,39932.060292384536,5.60092268773519,338.746221605,177.240252039,30.141155,18.211059,0.14026129998615033,2.087508666020104
United Kingdom,GBR,2018,361.758886379,66488991.0,42491.36443509728,5.4408839860271,334.01235822,175.676069447,33.984161,21.020348,0.1280468174736466,2.0592382759800967
United States,USA,1990,4851.114432628,249623000.0,23888.60000881329,19.43376384639236,3218.621,1909.920241429,11.963167,0.61343,0.8135162311404857,2.5399565528445325
United States,USA,1991,4803.235019899001,252981000.0,24342.25890481894,18.986544522707245,3275.84,1925.372728432,11.328148,0.613583,0.7799828519180096,2.494703985867036
United States,USA,1992,4882.727938362,256514000.0,25418.990776331895,19.034937423930074,3291.109,1963.7973160000001,10.477562,0.633039,0.7488470959143613,2.486370614003833
United States,USA,1993,5006.268409970001,259919000.0,26387.293733817074,19.26087900449756,3411.28,1998.2909728079999,11.002849,0.636946,0.729930064022195,2.5052749965312553
United States,USA,1994,5079.1963524230005,263126000.0,27694.853416234047,19.30328569743393,3473.435,2035.753685026,10.308614,0.627333,0.6969990202626896,2.4949955339799033
United States,USA,1995,5132.029372292,266278000.0,28690.875701334695,19.273200836313926,3582.114,2062.607248124,11.392239,0.529436,0.671753662625827,2.488127284998017
United States,USA,1996,5301.055822771,269394000.0,29967.712718174866,19.67770560135341,3677.022,2108.27516568,12.201314,0.545605,0.6566302135370927,2.5144041485026953
United States,USA,1997,5548.034406196,272657000.0,31459.139002482974,20.348035833285042,3697.728,2129.732696514,11.591929,0.515398,0.646808414930842,2.605037906999861
United States,USA,1998,5611.047384385,275854000.0,32853.67698492681,20.34064173216629,3830.489,2156.345767451,10.221776,0.503252,0.6191283167938411,2.6021093041204506
United States,USA,1999,5664.8236673149995,279040000.0,34513.56150372706,20.30111692701763,3897.518,2206.036953113,9.626331,0.544141,0.588206955252223,2.5678734253844704
United States,USA,2000,5809.10331845,282162411.0,36334.908777058896,20.58780011789026,4052.667,2268.990241358,8.812616,0.517684,0.5666121317163997,2.5602152061144294
United States,USA,2001,5753.810016016,284968955.0,37133.242808852636,20.191006476533556,3865.3070000000002,2226.4621477660003,7.422489,0.564949,0.5437447674707252,2.5842837803415115
United States,USA,2002,5651.601348073,287625193.0,38023.1611144021,19.649187503797695,4051.12,2256.2894060999997,9.203825,0.656658,0.5167689094727881,2.504821115940886
United States,USA,2003,5714.367801552001,290107933.0,39496.48587513807,19.697385529791774,4081.764,2261.478717211,9.49462,0.689824,0.49871235613370674,2.526828025425472
United States,USA,2004,5794.846364889,292805298.0,41712.80106755446,19.790783856953983,4174.856,2308.0877073690003,9.216198,0.753248,0.4744534855116187,2.510669913620645
United States,USA,2005,5809.485960626,295516599.0,44114.74777767052,19.65874668389101,4294.368,2319.369521621,9.120923,0.848227,0.44562754349106,2.5047694670773155
United States,USA,2006,5696.430993333,298379912.0,46298.73144409266,19.091201398748986,4300.831,2297.4060654630002,9.78948,1.063562,0.4123482610274599,2.4795055079585975
United States,USA,2007,5801.863072035,301231207.0,47975.967675885586,19.26049804008188,4349.841,2337.768426616,8.913912,1.246528,0.401461376875216,2.4817954618513673
United States,USA,2008,5589.4519868200005,304093966.0,48382.558449055185,18.380673777723036,4368.261,2277.5221700829998,9.530177,1.727209,0.3799028899448779,2.4541811536422076
United States,USA,2009,5194.57722265,306771529.0,47099.980471134266,16.93304864236603,4188.215,2165.3398270459998,10.780631,2.254469,0.35951285909223746,2.3989662766867164
United States,USA,2010,5430.299412542001,309326085.0,48466.82337508006,17.555258595607935,4378.43,2217.534250016,10.614398,2.750095,0.362211867275672,2.448800694962353
United States,USA,2011,5221.457341601,311580009.0,49883.11398373443,16.757998558248325,4349.463,2191.6130811939997,12.686394,3.425641,0.3359453173615558,2.382472246769183
United States,USA,2012,5033.210894492,313874218.0,51603.4972614412,16.03575765656547,4290.66,2152.4985763550003,12.412962,4.063151,0.31074943574701464,2.338310905187748
United States,USA,2013,5133.43789266,316057727.0,53106.90977031547,16.242089511261973,4306.371,2196.247366392,13.02858,4.838482,0.3058375940439415,2.3373678080230205
United States,USA,2014,5176.427122021,318386421.0,55032.95799791662,16.258316249049454,4340.371,2216.764793557,13.379294,5.361385,0.2954287183630025,2.3351269097498406
United States,USA,2015,5033.93445772,320742673.0,56803.47243349188,15.69462027187134,4317.159,2193.684249341,13.632808,5.857371,0.2762968459410175,2.2947397553828606
United States,USA,2016,4927.438650833999,323071342.0,57904.20196106407,15.251859296247947,4322.0380000000005,2172.330364421,15.259445,7.032955,0.2633981434802193,2.268273155656658
United States,USA,2017,4962.860125464,325147121.0,59927.92983395354,15.263429398361488,4277.078648208,2180.4124721360004,17.403465,8.313898,0.2546964235316142,2.2761106849669717
United States,USA,2018,5117.770322793001,327167434.0,62641.01456992813,15.642664247545495,4429.260016258,2257.6574025289997,17.475512,8.925479,0.24971920322400107,2.2668498404851585
